<Locations>
<Locations L_ID="1" Latitude="30.089" Longitude="31.2807"/>
<Locations L_ID="2" Latitude="30.089" Longitude="31.1907"/>
<Locations L_ID="3" Latitude="29.999" Longitude="31.2807"/>
<Locations L_ID="4" Latitude="29.999" Longitude="31.1907"/>
<Locations L_ID="5" Latitude="30.089" Longitude="31.3707"/>
<Locations L_ID="6" Latitude="29.819" Longitude="31.1007"/>
<Locations L_ID="7" Latitude="29.729" Longitude="30.9207"/>
<Locations L_ID="8" Latitude="29.549" Longitude="30.8307"/>
<Locations L_ID="9" Latitude="29.729" Longitude="30.7407"/>
<Locations L_ID="10" Latitude="30.179" Longitude="31.3707"/>
<Locations L_ID="11" Latitude="29.729" Longitude="31.6407"/>
<Locations L_ID="12" Latitude="29.909" Longitude="31.1007"/>
<Locations L_ID="13" Latitude="29.459" Longitude="31.3707"/>
<Locations L_ID="14" Latitude="29.639" Longitude="31.4607"/>
<Locations L_ID="15" Latitude="29.729" Longitude="30.7407"/>
<Locations L_ID="16" Latitude="29.639" Longitude="30.8307"/>
<Locations L_ID="17" Latitude="30.449" Longitude="31.5507"/>
<Locations L_ID="18" Latitude="29.549" Longitude="31.3707"/>
<Locations L_ID="19" Latitude="30.089" Longitude="30.8307"/>
<Locations L_ID="20" Latitude="30.089" Longitude="31.7307"/>
</Locations>