<Locations>
<Locations L_ID="1" Latitude="41.511" Longitude="-87.9898"/>
<Locations L_ID="2" Latitude="41.916" Longitude="-87.6748"/>
<Locations L_ID="3" Latitude="41.5335" Longitude="-88.0033"/>
<Locations L_ID="4" Latitude="41.826" Longitude="-87.6748"/>
<Locations L_ID="5" Latitude="41.5785" Longitude="-87.9673"/>
<Locations L_ID="6" Latitude="41.646" Longitude="-87.7648"/>
<Locations L_ID="7" Latitude="41.556" Longitude="-87.4948"/>
<Locations L_ID="8" Latitude="41.376" Longitude="-88.0348"/>
<Locations L_ID="9" Latitude="41.556" Longitude="-88.1248"/>
<Locations L_ID="10" Latitude="41.646" Longitude="-88.3048"/>
<Locations L_ID="11" Latitude="41.556" Longitude="-87.2248"/>
<Locations L_ID="12" Latitude="41.736" Longitude="-87.7648"/>
<Locations L_ID="13" Latitude="41.286" Longitude="-87.4948"/>
<Locations L_ID="14" Latitude="41.466" Longitude="-87.4048"/>
<Locations L_ID="15" Latitude="41.556" Longitude="-88.1248"/>
<Locations L_ID="16" Latitude="41.466" Longitude="-88.0348"/>
<Locations L_ID="17" Latitude="41.376" Longitude="-87.3148"/>
<Locations L_ID="18" Latitude="41.376" Longitude="-87.4948"/>
<Locations L_ID="19" Latitude="41.916" Longitude="-88.0348"/>
<Locations L_ID="20" Latitude="41.601" Longitude="-87.9673"/>
</Locations>